index	id	kind	len_or_value	blockOffset	value
0	0	4	7	0x2ee8	_global
1	1	4	19	0x2f04	checkedForOneClient
2	2	4	7	0x2f38	netDone
3	3	4	18	0x2f54	checkProcessResult
4	4	4	8	0x2f84	netError
5	5	4	2	0x2fa0	OK
6	6	4	5	0x2fb0	trace
7	7	4	13	0x2fc8	netTextResult
8	8	4	21	0x2ff0	CheckNittoProcessesCB
9	9	4	1	0x3028	1
10	10	4	6	0x3038	gNetID
11	11	4	6	0x3050	length
12	12	4	7	0x3068	_system
13	13	4	2	0x3084	gc
14	14	4	4	0x3094	eval
15	15	4	9	0x30a8	propList(
16	16	4	1	0x30c8	)
17	17	4	6	0x30d8	Object
18	18	4	2	0x30f0	ex
19	19	4	5	0x3100	isEnc
20	20	4	7	0x3118	decrypt
21	21	4	5	0x3134	exEnc
22	22	4	6	0x314c	sprite
23	23	4	7	0x3164	flashSP
24	24	4	21	0x3180	showConnectionErrorCB
25	25	4	14	0x31b8	Protocol Error
26	26	4	53	0x31e0	Connection protocol could not be established. Action:
27	27	4	13	0x3258	 (Error: 010)
28	28	4	3	0x3280	ex2
29	29	4	13	0x3294	 (Error: 001)
30	30	4	13	0x32bc	 (Error: 002)
31	31	4	8	0x32e4	"s",-100
32	32	4	17	0x3300	Session Timed Out
33	33	4	88	0x3330	I'm sorry, but your session has timed out, please restart the application. Last action: 
34	34	4	10	0x33ec	lastAction
35	35	4	4	0x340c	xtra
36	36	4	9	0x3420	xmlparser
37	37	4	11	0x3440	parseString
38	38	4	8	0x3464	getAProp
39	39	4	1	0x3480	d
40	40	4	17	0x3490	fetchCacheXMLDone
41	41	4	8	0x34c0	makeList
42	42	4	2	0x34dc	n2
43	43	4	1	0x34ec	s
44	44	4	3	0x34fc	ftc
45	45	4	7	0x3510	openURL
46	46	4	63	0x352c	http://www.facebook.com/connect/prompt_permissions.php?api_key=
47	47	4	14	0x35b8	facebookAPIKey
48	48	4	142	0x35e0	&v=1.0&next=http://www.facebook.com/connect/login_success.html?xxRESULTTOKENxx&display=popup&ext_perm=publish_stream&enable_profile_selector=0
49	49	4	3	0x3708	aid
50	50	4	4	0x371c	guid
51	51	4	2	0x3730	cp
52	52	4	7	0x3740	encrypt
53	53	4	2	0x375c	cw
54	54	4	3	0x376c	cwc
55	55	4	13	0x3780	connectSocket
56	56	4	7	0x37a8	loginCB
57	57	4	2	0x37c4	at
58	58	4	2	0x37d4	am
59	59	5	-2	0x37e4	number/special:-2
60	60	3	-11	0x37f0	record-kind-3: -11
61	61	1	-12	0x37fc	record-kind-1: -12
62	62	3	-99	0x3808	record-kind-3: -99
63	63	7	-5	0x3814	number/special:-5
64	64	4	12	0x3820	installerURL
65	65	4	3	0x3844	url
66	66	4	13	0x3858	installerFile
67	67	4	2	0x3880	fn
68	68	4	12	0x3890	installerMD5
69	69	4	3	0x38b4	md5
70	70	5	-14	0x38c8	number/special:-14
71	71	4	10	0x38d4	facebookID
72	72	4	1	0x38f4	f
73	73	4	14	0x3904	fbGetSessionCB
74	74	3	-15	0x392c	record-kind-3: -15
75	75	4	9	0x3938	getInfoCB
76	76	4	9	0x3958	getUserCB
77	77	4	10	0x3978	getUsersCB
78	78	4	15	0x3998	updateBgColorCB
79	79	4	18	0x39c4	updateDefaultCarCB
80	80	4	13	0x39f4	racerSearchCB
81	81	4	19	0x3a1c	racerSearchNoPageCB
82	82	4	13	0x3a50	changeEmailCB
83	83	4	16	0x3a78	changePasswordCB
84	84	4	16	0x3aa4	forgotPasswordCB
85	85	4	20	0x3ad0	getStarterShowroomCB
86	86	4	15	0x3b04	createAccountCB
87	87	4	15	0x3b30	verifyAccountCB
88	88	4	18	0x3b5c	resendActivationCB
89	89	4	14	0x3b8c	agreeToTermsCB
90	90	4	18	0x3bb4	activatePurchaseCB
91	91	4	1	0x3be4	m
92	92	4	1	0x3bf4	p
93	93	4	2	0x3c04	ma
94	94	4	2	0x3c14	va
95	95	4	9	0x3c24	getCodeCB
96	96	4	3	0x3c44	gid
97	97	4	16	0x3c58	getUserBuddiesCB
98	98	4	16	0x3c84	compareAvatarAge
99	99	4	4	0x3cb0	tids
100	100	4	7	0x3cc4	avatars
101	101	4	11	0x3ce0	teamAvatars
102	102	4	21	0x3d04	avatarUploadRequestCB
103	103	4	14	0x3d3c	getLocationsCB
104	104	4	14	0x3d64	moveLocationCB
105	105	4	18	0x3d8c	getEmailTotalNewCB
106	106	4	2	0x3dbc	im
107	107	4	14	0x3dcc	getEmailListCB
108	108	4	10	0x3df4	getEmailCB
109	109	4	13	0x3e14	deleteEmailCB
110	110	4	3	0x3e3c	eid
111	111	4	11	0x3e50	sendEmailCB
112	112	4	11	0x3e74	addRemarkCB
113	113	4	14	0x3e98	deleteRemarkCB
114	114	4	1	0x3ec0	i
115	115	4	12	0x3ed0	getRemarksCB
116	116	4	16	0x3ef4	getUserRemarksCB
117	117	4	21	0x3f20	setRemarkNonDeletesCB
118	118	4	18	0x3f58	setRemarkDeletesCB
119	119	4	18	0x3f88	getCarCategoriesCB
120	120	4	14	0x3fb8	viewShowroomCB
121	121	4	9	0x3fe0	getCarsCB
122	122	4	11	0x4000	getOneCarCB
123	123	4	18	0x4024	getOtherUserCarsCB
124	124	4	8	0x4054	buyCarCB
125	125	4	1	0x4070	b
126	126	4	9	0x4080	sellCarCB
127	127	4	13	0x40a0	getCarPriceCB
128	128	4	14	0x40c8	getAllImCarsCB
129	129	4	20	0x40f0	getCarOutOfImpoundCB
130	130	4	7	0x4124	objRace
131	131	4	9	0x4140	startRace
132	132	4	1	0x4160	t
133	133	4	4	0x4170	init
134	134	4	4	0x4184	DYNO
135	135	4	15	0x4198	garageDynoBuyCB
136	136	4	11	0x41c4	!ATTRIBUTES
137	137	4	1	0x41e8	e
138	138	4	1	0x41f8	u
139	139	4	2	0x4208	ad
140	140	4	2	0x4218	sl
141	141	4	1	0x4228	n
142	142	4	16	0x4238	garageSetBoostCB
143	143	4	18	0x4264	garageSetAFRatioCB
144	144	4	19	0x4294	getPartCategoriesCB
145	145	4	30	0x42c8	getWheelsTiresPartCategoriesCB
146	146	4	10	0x4310	getPartsCB
147	147	4	2	0x4330	d1
148	148	4	16	0x4340	getWheelsTiresCB
149	149	4	9	0x436c	buyPartCB
150	150	4	1	0x438c	c
151	151	4	13	0x439c	uggBuyCycleCB
152	152	4	13	0x43c4	installPartCB
153	153	4	15	0x43ec	uninstallPartCB
154	154	4	10	0x4418	sellPartCB
155	155	4	16	0x4438	getCarPartsBinCB
156	156	4	13	0x4464	getPartsBinCB
157	157	4	14	0x448c	getPartGroupCB
158	158	4	28	0x44b4	getCarPerformanceIncreasesCB
159	159	4	12	0x44f8	engineListCB
160	160	4	19	0x451c	engineGetAllPartsCB
161	161	4	15	0x4550	engineBuyPartCB
162	162	4	17	0x457c	engineSwapStartCB
163	163	4	18	0x45ac	engineSwapFinishCB
164	164	4	20	0x45dc	getPaintCategoriesCB
165	165	4	11	0x4610	getPaintsCB
166	166	4	10	0x4634	buyPaintCB
167	167	4	18	0x4654	getLicensePlatesCB
168	168	4	10	0x4684	buyPlateCB
169	169	4	11	0x46a4	buyVanityCB
170	170	4	16	0x46c8	getSystemPartsCB
171	171	4	12	0x46f4	systemSwapCB
172	172	4	16	0x4718	getRepairPartsCB
173	173	4	13	0x4744	repairPartsCB
174	174	4	13	0x476c	getGearInfoCB
175	175	4	10	0x4794	buyGearsCB
176	176	4	15	0x47b4	getSparePriceCB
177	177	4	14	0x47e0	sellAllSpareCB
178	178	4	20	0x4808	getPartDescriptionCB
179	179	4	10	0x483c	teamInfoCB
180	180	4	11	0x485c	teamTransCB
181	181	4	12	0x4880	teamSearchCB
182	182	4	26	0x48a4	teamUpdateLeaderCommentsCB
183	183	4	19	0x48e4	teamUpdateTeamReqCB
184	184	4	13	0x4918	teamGetInfoCB
185	185	4	16	0x4940	teamGetAllAppsCB
186	186	4	15	0x496c	teamGetMyAppsCB
187	187	4	15	0x4998	teamDeleteAppCB
188	188	4	15	0x49c4	teamUpdateAppCB
189	189	4	12	0x49f0	teamAddAppCB
190	190	4	19	0x4a14	teamUpdateBgColorCB
191	191	4	26	0x4a48	director getOneCarEngineCB
192	192	4	17	0x4a88	getOneCarEngineCB
193	193	4	8	0x4ab8	raceType
194	194	4	22	0x4ad4	raceGetTwoRacersCarsCB
195	195	4	0	0x4b0c	
196	196	4	15	0x4b18	getRacersCarsCB
197	197	4	13	0x4b44	ctGetRacersCB
198	198	4	8	0x4b6c	ctJoinCB
199	199	4	10	0x4b88	ctCreateCB
200	200	4	16	0x4ba8	initComputerRace
201	201	4	3	0x4bd4	CTQ
202	202	4	11	0x4be8	ctRequestCB
203	203	4	2	0x4c0c	CT
204	204	4	2	0x4c1c	sk
205	205	4	8	0x4c2c	ctSaveCB
206	206	4	1	0x4c48	P
207	207	4	16	0x4c58	practiceCreateCB
208	208	4	18	0x4c84	htGetTournamentsCB
209	209	4	18	0x4cb4	htJoinTournamentCB
210	210	4	3	0x4ce4	HTQ
211	211	4	20	0x4cf8	putCarOnClassifiedCB
212	212	4	16	0x4d2c	listClassifiedCB
213	213	4	21	0x4d58	getClassifiedDetailCB
214	214	4	19	0x4d90	buyFromClassifiedCB
215	215	4	25	0x4dc4	sellerClassifiedHistoryCB
216	216	4	18	0x4e04	cancelClassifiedCB
217	217	4	14	0x4e34	requestTradeCB
218	218	4	14	0x4e5c	respondTradeCB
219	219	4	13	0x4e84	cancelTradeCB
220	220	4	22	0x4eac	outgoingTradeHistoryCB
221	221	4	15	0x4ee4	pendingTradesCB
222	222	4	18	0x4f10	getWinsAndLossesCB
223	223	4	15	0x4f40	earnIncentiveCB
224	224	4	14	0x4f6c	loginTwitterCB
225	225	4	17	0x4f94	setBadgeVisibleCB
226	226	4	22	0x4fc4	getBlackCardProgressCB
227	227	4	18	0x4ffc	getElectionPhaseCB
228	228	4	21	0x502c	getElectionScheduleCB
229	229	4	18	0x5064	getNominateCountCB
230	230	4	10	0x5094	nominateCB
231	231	4	19	0x50b4	getElectionResultCB
232	232	4	14	0x50e8	electionVoteCB
233	233	4	17	0x5110	activateAccountCB
234	234	4	12	0x5140	getSupportCB
235	235	4	20	0x5164	getMisconductCountCB
236	236	4	3	0x5198	oid
237	237	4	13	0x51ac	facebookToken
238	238	4	1	0x51d4	a
239	239	4	45	0x51e4	https://login.facebook.com/login.php?api_key=
240	240	4	12	0x524c	&auth_token=
241	241	4	37	0x5270	&v=1.0&popup&req_perms=offline_access
242	242	4	12	0x52c8	fbGetTokenCB
243	243	4	18	0x52ec	fbRemoveFacebookCB
244	244	4	5	0x531c	here!
245	245	4	10	0x5334	info list!
246	246	4	154	0x5354	http://www.facebook.com/multi_friend_selector.php/?api_key=75142a34f8f8698fb895c3156093f9c8&content=This network is the best place on Facebook for viewing
247	247	4	6	0x5494	_blank
248	248	4	16	0x54ac	checkTestDriveCB
249	249	4	17	0x54d8	acceptTestDriveCB
250	250	4	1	0x5508	h
251	251	4	17	0x5518	buyTestDriveCarCB
252	252	4	20	0x5548	removeTestDriveCarCB
253	253	4	17	0x557c	rejectTestDriveCB
254	254	4	24	0x55ac	garageSetShiftLightRPMCB
255	255	4	18	0x55e8	joinSpecialEventCB
256	256	4	15	0x5618	getLatestNewsCB
257	257	4	6	0x5644	escape
258	258	4	19	0x565c	getRacerSpotlightCB
259	259	4	23	0x5690	claimPendingUCLProfitCB
260	260	4	25	0x56cc	getInstalledEnginePartsCB
261	261	4	12	0x570c	genericWebCB
262	262	4	8	0x5730	getcache
263	263	4	12	0x574c	fbgetsession
264	264	4	5	0x5770	login
265	265	4	17	0x5788	changehomemachine
266	266	4	7	0x57b8	getinfo
267	267	4	7	0x57d4	getuser
268	268	4	8	0x57f0	getusers
269	269	4	8	0x580c	updatebg
270	270	4	16	0x5828	updatedefaultcar
271	271	4	11	0x5854	racersearch
272	272	4	17	0x5878	racersearchnopage
273	273	4	11	0x58a8	changeemail
274	274	4	14	0x58cc	changepassword
275	275	4	8	0x58f4	forgotpw
276	276	4	18	0x5910	getstartershowroom
277	277	4	13	0x5940	createaccount
278	278	4	13	0x5968	verifyaccount
279	279	4	16	0x5990	resendactivation
280	280	4	12	0x59bc	agreetoterms
281	281	4	14	0x59e0	activatepoints
282	282	4	14	0x5a08	activatemember
283	283	4	7	0x5a30	getcode
284	284	4	10	0x5a4c	getbuddies
285	285	4	12	0x5a6c	getavatarage
286	286	4	16	0x5a90	getteamavatarage
287	287	4	13	0x5abc	uploadrequest
288	288	4	12	0x5ae4	getlocations
289	289	4	12	0x5b08	movelocation
290	290	4	15	0x5b2c	gettotalnewmail
291	291	4	12	0x5b58	getemaillist
292	292	4	8	0x5b7c	getemail
293	293	4	11	0x5b98	deleteemail
294	294	4	9	0x5bbc	sendemail
295	295	4	13	0x5bdc	markemailread
296	296	4	9	0x5c04	addremark
297	297	4	12	0x5c24	deleteremark
298	298	4	10	0x5c48	getremarks
299	299	4	14	0x5c68	getuserremarks
300	300	4	13	0x5c90	setnondeletes
301	301	4	10	0x5cb8	setdeletes
302	302	4	16	0x5cd8	getcarcategories
303	303	4	12	0x5d04	viewshowroom
304	304	4	10	0x5d28	getallcars
305	305	4	9	0x5d48	getonecar
306	306	4	19	0x5d68	getallotherusercars
307	307	4	6	0x5d9c	buycar
308	308	4	7	0x5db4	sellcar
309	309	4	11	0x5dd0	getcarprice
310	310	4	12	0x5df4	getallimcars
311	311	4	15	0x5e18	getoutofimpound
312	312	4	7	0x5e44	buydyno
313	313	4	11	0x5e60	changeboost
314	314	4	13	0x5e84	changeairfuel
315	315	4	10	0x5eac	getallcats
316	316	4	18	0x5ecc	getwheelstirescats
317	317	4	11	0x5efc	getallparts
318	318	4	17	0x5f20	getallwheelstires
319	319	4	7	0x5f50	buypart
320	320	4	13	0x5f6c	buyenginepart
321	321	4	9	0x5f94	buyengine
322	322	4	10	0x5fb4	buypartugg
323	323	4	11	0x5fd4	installpart
324	324	4	17	0x5ff8	installenginepart
325	325	4	10	0x6028	swapengine
326	326	4	13	0x6048	uninstallpart
327	327	4	19	0x6070	uninstallenginepart
328	328	4	11	0x60a4	sellcarpart
329	329	4	14	0x60c8	sellenginepart
330	330	4	10	0x60f0	sellengine
331	331	4	14	0x6110	getcarpartsbin
332	332	4	11	0x6138	getpartsbin
333	333	4	12	0x615c	getpartgroup
334	334	4	26	0x6180	getcarperformanceincreases
335	335	4	4	0x61c0	egue
336	336	4	4	0x61d4	egep
337	337	4	4	0x61e8	ebep
338	338	4	4	0x61fc	esst
339	339	4	4	0x6210	esfi
340	340	4	12	0x6224	getpaintcats
341	341	4	9	0x6248	getpaints
342	342	4	8	0x6268	buypaint
343	343	4	16	0x6284	getlicenseplates
344	344	4	8	0x62b0	buyplate
345	345	4	9	0x62cc	buyvanity
346	346	4	14	0x62ec	getsystemparts
347	347	4	10	0x6314	systemswap
348	348	4	14	0x6334	getrepairparts
349	349	4	11	0x635c	repairparts
350	350	4	11	0x6380	getgearinfo
351	351	4	8	0x63a4	buygears
352	352	4	13	0x63c0	getspareprice
353	353	4	12	0x63e8	sellallspare
354	354	4	14	0x640c	getdescription
355	355	4	8	0x6434	teaminfo
356	356	4	9	0x6450	teamtrans
357	357	4	10	0x6470	teamsearch
358	358	4	20	0x6490	updateleadercomments
359	359	4	13	0x64c4	updateteamreq
360	360	4	11	0x64ec	getteaminfo
361	361	4	14	0x6510	getallteamapps
362	362	4	12	0x6538	getallmyapps
363	363	4	9	0x655c	deleteapp
364	364	4	13	0x657c	updateteamapp
365	365	4	10	0x65a4	addteamapp
366	366	4	12	0x65c4	setteamcolor
367	367	4	15	0x65e8	getonecarengine
368	368	4	16	0x6614	gettworacerscars
369	369	4	13	0x6640	getracerscars
370	370	4	4	0x6668	ctgr
371	371	4	4	0x667c	ctjt
372	372	4	4	0x6690	ctct
373	373	4	4	0x66a4	ctrt
374	374	4	4	0x66b8	ctst
375	375	4	8	0x66cc	practice
376	376	4	19	0x66e8	gethumantournaments
377	377	4	19	0x671c	joinhumantournament
378	378	4	18	0x6750	putcaronclassified
379	379	4	14	0x6780	listclassified
380	380	4	19	0x67a8	getclassifieddetail
381	381	4	17	0x67dc	buyfromclassified
382	382	4	17	0x680c	classifiedhistory
383	383	4	16	0x683c	cancelclassified
384	384	4	12	0x6868	requesttrade
385	385	4	12	0x688c	respondtrade
386	386	4	11	0x68b0	canceltrade
387	387	4	23	0x68d4	getoutgoingtradehistory
388	388	4	16	0x6910	getpendingtrades
389	389	4	16	0x693c	getwinsandlosses
390	390	4	13	0x6968	earnincentive
391	391	4	12	0x6990	logintwitter
392	392	4	15	0x69b4	setbadgevisible
393	393	4	20	0x69e0	getblackcardprogress
394	394	4	16	0x6a14	getelectionphase
395	395	4	19	0x6a40	getelectionschedule
396	396	4	16	0x6a74	getnominatecount
397	397	4	8	0x6aa0	nominate
398	398	4	17	0x6abc	getelectionresult
399	399	4	12	0x6aec	electionvote
400	400	4	15	0x6b10	activateaccount
401	401	4	10	0x6b3c	getsupport
402	402	4	18	0x6b5c	getmisconductcount
403	403	4	10	0x6b8c	fbgettoken
404	404	4	16	0x6bac	fbremovefacebook
405	405	4	14	0x6bd8	fbgetinviteurl
406	406	4	14	0x6c00	checktestdrive
407	407	4	15	0x6c28	accepttestdrive
408	408	4	15	0x6c54	buytestdrivecar
409	409	4	18	0x6c80	removetestdrivecar
410	410	4	15	0x6cb0	rejecttestdrive
411	411	4	19	0x6cdc	changeshiftlightrpm
412	412	4	16	0x6d10	joinspecialevent
413	413	4	7	0x6d3c	getnews
414	414	4	18	0x6d58	getspotlightracers
415	415	4	21	0x6d88	claimpendinguclprofit
416	416	4	34	0x6dc0	getinstalledenginepartbyaccountcar
417	417	4	16	0x6e10	Connection Error
418	418	4	44	0x6e3c	Connection could not be established. Action:
419	419	4	13	0x6ea0	 (Error: 003-
420	420	4	6	0x6ec8	splice
421	421	4	9	0x6ee0	fileNetID
422	422	4	5	0x6f00	cache
423	423	4	23	0x6f18	downloadCacheInProgress
424	424	4	15	0x6f54	getStreamStatus
425	425	4	9	0x6f80	installer
426	426	4	28	0x6fa0	downloadInstallerUpdateFlash
427	427	4	15	0x6fe4	loadLocalAvatar
428	428	4	12	0x7010	loadLocalUgg
429	429	4	17	0x7034	downloadCacheDone
430	430	4	12	0x7064	runInstaller
431	431	4	11	0x7088	teamavatars
432	432	4	3	0x70ac	ugg
433	433	4	7	0x70c0	hitTest
434	434	4	6	0x70dc	_mouse
435	435	4	8	0x70f4	mouseLoc
436	436	4	7	0x7110	#button
437	437	4	6	0x712c	cursor
438	438	4	9	0x7144	#editText
439	439	7	-1	0x7164	number/special:-1
440	440	4	6	0x7170	_movie
441	441	4	2	0x7188	go